method,pocket,n_mols,diversity
PRISM,6cm4,194,0.6727673431260088
PRISM,6luq,198,0.6997562040762447
PRISM,6v0u(brd),99,0.6708324781039422
PRISM,7e2z,189,0.7007655596291689
