method,pocket,n_mols,diversity
DiffSBDD,6cm4,197,0.7735764331967132
DiffSBDD,6luq,196,0.702506152879531
DiffSBDD,6v0u,99,0.7433563375117731
DiffSBDD,7e2z,197,0.7803730308656954
